,Threshold1-2,Threshold2-3,Normalization_max
0,0.9237095829297276,0.9405043026193589,5.954252398849931
