,Threshold1-2,Threshold2-3,Normalization_max
0,0.46973312586005694,0.6710473226572242,5.960831471856164
