,Threshold1-2,Threshold2-3,Normalization_max
0,0.4658368269991316,0.6654811814273308,6.010688373517579
